{
    "pools": [
      {
        "rolls": {
          "min": 3,
          "max": 7
        },
        "entries": [
          {
            "type": "minecraft:item",
            "name": "minecraft:diamond_leggings",
            "functions": [
              {
                "function": "minecraft:enchant_randomly",
                "enchantments": [
                  "minecraft:protection",
                  "minecraft:unbreaking",
                  "minecraft:mending",
                  "minecraft:blast_protection",
                  "minecraft:swift_sneak"
                ]
              }
            ]
          }
        ]
      },
      {
        "rolls": 5,
        "entries": [
          {
            "type": "minecraft:item",
            "name": "minecraft:chorus_fruit",
            "functions": [
              {
                "function": "minecraft:set_count",
                "count": {
                  "min": 2,
                  "max": 5
                }
              }
            ]
          },
          {
            "type": "minecraft:item",
            "name": "minecraft:end_rod",
            "functions": [
              {
                "function": "minecraft:set_count",
                "count": {
                  "min": 1,
                  "max": 3
                }
              }
            ]
          }
        ],
        "functions": [
          {
            "function": "minecraft:enchant_randomly",
            "enchantments": [
              "minecraft:power"
            ]
          }
        ]
      }
    ]
  }
  