{
	"credit": "de work of quarz da great",
	"texture_size": [32, 32],
	"textures": {
		"0": "item/litsaberblue",
		"particle": "item/litsaberblue"
	},
	"elements": [
		{
			"from": [7.75, -0.1, 7.75],
			"to": [9.25, 8, 9.25],
			"faces": {
				"north": {"uv": [2, 0, 3, 4], "texture": "#0"},
				"east": {"uv": [3, 0, 4, 4], "texture": "#0"},
				"south": {"uv": [4, 0, 5, 4], "texture": "#0"},
				"west": {"uv": [2, 4, 3, 8], "texture": "#0"},
				"up": {"uv": [4, 5, 3, 4], "texture": "#0"},
				"down": {"uv": [5, 4, 4, 5], "texture": "#0"}
			}
		},
		{
			"from": [7.5, 5, 7.5],
			"to": [9.5, 7, 9.5],
			"faces": {
				"north": {"uv": [5, 0, 6, 1], "texture": "#0"},
				"east": {"uv": [5, 1, 6, 2], "texture": "#0"},
				"south": {"uv": [5, 2, 6, 3], "texture": "#0"},
				"west": {"uv": [3, 5, 4, 6], "texture": "#0"},
				"up": {"uv": [6, 4, 5, 3], "texture": "#0"},
				"down": {"uv": [5, 5, 4, 6], "texture": "#0"}
			}
		},
		{
			"from": [7.5, 0, 7.5],
			"to": [9.5, 2, 9.5],
			"faces": {
				"north": {"uv": [5, 4, 6, 5], "texture": "#0"},
				"east": {"uv": [5, 5, 6, 6], "texture": "#0"},
				"south": {"uv": [6, 0, 7, 1], "texture": "#0"},
				"west": {"uv": [6, 1, 7, 2], "texture": "#0"},
				"up": {"uv": [7, 3, 6, 2], "texture": "#0"},
				"down": {"uv": [4, 6, 3, 7], "texture": "#0"}
			}
		},
		{
			"from": [8, 7, 8],
			"to": [9, 30, 9],
			"faces": {
				"north": {"uv": [0, 0, 0.5, 11.5], "texture": "#0"},
				"east": {"uv": [0.5, 0, 1, 11.5], "texture": "#0"},
				"south": {"uv": [1, 0, 1.5, 11.5], "texture": "#0"},
				"west": {"uv": [1.5, 0, 2, 11.5], "texture": "#0"},
				"up": {"uv": [6.5, 3.5, 6, 3], "texture": "#0"},
				"down": {"uv": [6.5, 3.5, 6, 4], "texture": "#0"}
			}
		}
	],
	"display": {
		"thirdperson_righthand": {
			"translation": [0, 3, 0.75]
		},
		"thirdperson_lefthand": {
			"translation": [0, 3, 0.75]
		},
		"firstperson_righthand": {
			"rotation": [-37, 0, 0],
			"translation": [0, 5.25, 1.25],
			"scale": [0.75, 0.63, 0.75]
		},
		"firstperson_lefthand": {
			"rotation": [-37, 0, 0],
			"translation": [0, 5.25, 1.25],
			"scale": [0.75, 0.63, 0.75]
		},
		"ground": {
			"rotation": [90, 0, 0],
			"translation": [0, -1, -6],
			"scale": [1, 0.9, 1]
		},
		"gui": {
			"rotation": [0, -62, -55],
			"translation": [-1.5, -3, 0],
			"scale": [0.89, 0.89, 0.89]
		},
		"head": {
			"rotation": [-111, 0, 0],
			"translation": [-0.5, -1, 0],
			"scale": [1, 0.8, 1]
		},
		"fixed": {
			"translation": [0, -5, -3.25],
			"scale": [0.84, 0.77, 0.84]
		}
	}
}