{
	"credit": "Made with Blockbench",
	"texture_size": [32, 32],
	"textures": {
		"0": "item/tpstaff",
		"particle": "item/tpstaff"
	},
	"elements": [
		{
			"from": [7, -2, 7],
			"to": [9, 11, 9],
			"faces": {
				"north": {"uv": [0, 0, 1, 6.5], "texture": "#0"},
				"east": {"uv": [1, 0, 2, 6.5], "texture": "#0"},
				"south": {"uv": [2, 0, 3, 6.5], "texture": "#0"},
				"west": {"uv": [3, 0, 4, 6.5], "texture": "#0"},
				"up": {"uv": [5, 13.5, 4, 12.5], "texture": "#0"},
				"down": {"uv": [6, 12.5, 5, 13.5], "texture": "#0"}
			}
		},
		{
			"from": [7, 21, 7],
			"to": [9, 23, 9],
			"faces": {
				"north": {"uv": [12.5, 0, 13.5, 1], "texture": "#0"},
				"east": {"uv": [12.5, 1, 13.5, 2], "texture": "#0"},
				"south": {"uv": [2, 12.5, 3, 13.5], "texture": "#0"},
				"west": {"uv": [12.5, 2, 13.5, 3], "texture": "#0"},
				"up": {"uv": [4, 13.5, 3, 12.5], "texture": "#0"},
				"down": {"uv": [13.5, 3, 12.5, 4], "texture": "#0"}
			}
		},
		{
			"from": [6.5, 14.5, 6.5],
			"to": [9.5, 17.5, 9.5],
			"rotation": {"angle": 0, "axis": "z", "origin": [8, 16, 8]},
			"faces": {
				"north": {"uv": [2, 11, 3.5, 12.5], "texture": "#0"},
				"east": {"uv": [8, 11, 9.5, 12.5], "texture": "#0"},
				"south": {"uv": [11, 8, 12.5, 9.5], "texture": "#0"},
				"west": {"uv": [9.5, 11, 11, 12.5], "texture": "#0"},
				"up": {"uv": [12.5, 11, 11, 9.5], "texture": "#0"},
				"down": {"uv": [12.5, 11, 11, 12.5], "texture": "#0"}
			}
		},
		{
			"from": [7, 10, 14],
			"to": [9, 19, 16],
			"rotation": {"angle": -45, "axis": "x", "origin": [8, 11, 8]},
			"faces": {
				"north": {"uv": [6, 0, 7, 4.5], "texture": "#0"},
				"east": {"uv": [6, 4.5, 7, 9], "texture": "#0"},
				"south": {"uv": [0, 6.5, 1, 11], "texture": "#0"},
				"west": {"uv": [1, 6.5, 2, 11], "texture": "#0"},
				"up": {"uv": [11, 13.5, 10, 12.5], "texture": "#0"},
				"down": {"uv": [13.5, 10, 12.5, 11], "texture": "#0"}
			}
		},
		{
			"from": [7, 11, 7],
			"to": [9, 18, 9],
			"rotation": {"angle": 45, "axis": "x", "origin": [8, 11, 8]},
			"faces": {
				"north": {"uv": [8, 4, 9, 7.5], "texture": "#0"},
				"east": {"uv": [8, 7.5, 9, 11], "texture": "#0"},
				"south": {"uv": [4, 9, 5, 12.5], "texture": "#0"},
				"west": {"uv": [9, 4, 10, 7.5], "texture": "#0"},
				"up": {"uv": [7, 13.5, 6, 12.5], "texture": "#0"},
				"down": {"uv": [8, 12.5, 7, 13.5], "texture": "#0"}
			}
		},
		{
			"from": [7, 10, 0],
			"to": [9, 19, 2],
			"rotation": {"angle": 45, "axis": "x", "origin": [8, 11, 8]},
			"faces": {
				"north": {"uv": [4, 0, 5, 4.5], "texture": "#0"},
				"east": {"uv": [4, 4.5, 5, 9], "texture": "#0"},
				"south": {"uv": [5, 0, 6, 4.5], "texture": "#0"},
				"west": {"uv": [5, 4.5, 6, 9], "texture": "#0"},
				"up": {"uv": [10, 13.5, 9, 12.5], "texture": "#0"},
				"down": {"uv": [13.5, 9, 12.5, 10], "texture": "#0"}
			}
		},
		{
			"from": [7, 11, 7],
			"to": [9, 18, 9],
			"rotation": {"angle": -45, "axis": "x", "origin": [8, 11, 8]},
			"faces": {
				"north": {"uv": [5, 9, 6, 12.5], "texture": "#0"},
				"east": {"uv": [6, 9, 7, 12.5], "texture": "#0"},
				"south": {"uv": [7, 9, 8, 12.5], "texture": "#0"},
				"west": {"uv": [9, 7.5, 10, 11], "texture": "#0"},
				"up": {"uv": [9, 13.5, 8, 12.5], "texture": "#0"},
				"down": {"uv": [13.5, 8, 12.5, 9], "texture": "#0"}
			}
		},
		{
			"from": [10, 1, 7],
			"to": [12, 10, 9],
			"rotation": {"angle": 45, "axis": "z", "origin": [-5, 11, 8]},
			"faces": {
				"north": {"uv": [2, 6.5, 3, 11], "texture": "#0"},
				"east": {"uv": [3, 6.5, 4, 11], "texture": "#0"},
				"south": {"uv": [7, 0, 8, 4.5], "texture": "#0"},
				"west": {"uv": [7, 4.5, 8, 9], "texture": "#0"},
				"up": {"uv": [12, 13.5, 11, 12.5], "texture": "#0"},
				"down": {"uv": [13.5, 11, 12.5, 12], "texture": "#0"}
			}
		},
		{
			"from": [3, 2, 7],
			"to": [5, 9, 9],
			"rotation": {"angle": 45, "axis": "z", "origin": [-5, 11, 8]},
			"faces": {
				"north": {"uv": [10, 4, 11, 7.5], "texture": "#0"},
				"east": {"uv": [10, 7.5, 11, 11], "texture": "#0"},
				"south": {"uv": [0, 11, 1, 14.5], "texture": "#0"},
				"west": {"uv": [1, 11, 2, 14.5], "texture": "#0"},
				"up": {"uv": [13, 13.5, 12, 12.5], "texture": "#0"},
				"down": {"uv": [14, 12, 13, 13], "texture": "#0"}
			}
		},
		{
			"from": [3, 8, 7],
			"to": [12, 10, 9],
			"rotation": {"angle": 45, "axis": "z", "origin": [-5, 11, 8]},
			"faces": {
				"north": {"uv": [8, 0, 12.5, 1], "texture": "#0"},
				"east": {"uv": [13, 13, 14, 14], "texture": "#0"},
				"south": {"uv": [8, 1, 12.5, 2], "texture": "#0"},
				"west": {"uv": [13.5, 0, 14.5, 1], "texture": "#0"},
				"up": {"uv": [12.5, 3, 8, 2], "texture": "#0"},
				"down": {"uv": [12.5, 3, 8, 4], "texture": "#0"}
			}
		},
		{
			"from": [4, 1, 7],
			"to": [11, 3, 9],
			"rotation": {"angle": 45, "axis": "z", "origin": [-5, 11, 8]},
			"faces": {
				"north": {"uv": [11, 4, 14.5, 5], "texture": "#0"},
				"east": {"uv": [13.5, 1, 14.5, 2], "texture": "#0"},
				"south": {"uv": [11, 5, 14.5, 6], "texture": "#0"},
				"west": {"uv": [2, 13.5, 3, 14.5], "texture": "#0"},
				"up": {"uv": [14.5, 7, 11, 6], "texture": "#0"},
				"down": {"uv": [14.5, 7, 11, 8], "texture": "#0"}
			}
		}
	],
	"display": {
		"thirdperson_righthand": {
			"rotation": [0, 33, 0],
			"translation": [0, 5.25, 2.25]
		},
		"thirdperson_lefthand": {
			"translation": [0, 5, 2]
		},
		"firstperson_righthand": {
			"rotation": [-20, 42, 0],
			"translation": [5.5, 0, -3.5]
		},
		"firstperson_lefthand": {
			"rotation": [0, -37, 0],
			"translation": [0, -0.25, 0.75]
		},
		"ground": {
			"translation": [0, 5.75, 0]
		},
		"gui": {
			"rotation": [2, -32, -33],
			"translation": [-0.25, -1.75, 0],
			"scale": [0.82, 0.82, 0.82]
		},
		"head": {
			"translation": [0, 4.75, 0]
		},
		"fixed": {
			"translation": [0, 0, -1.75]
		}
	},
	"groups": [
		0,
		1,
		2,
		{
			"name": "group",
			"origin": [8, 11, 8],
			"color": 0,
			"children": [3, 4, 5, 6]
		},
		{
			"name": "group",
			"origin": [8, 11, 8],
			"color": 0,
			"children": [7, 8, 9, 10]
		}
	]
}